<kosdaq>
  <stock>
    <stockname>CJ</stockname>
    <stockprice>65400</stockprice>
    <prevstockprice>-1100</prevstockprice>
  </stock>
  <stock>
    <stockname>CJ인터넷</stockname>
    <stockprice>16200</stockprice>
    <prevstockprice>200</prevstockprice>
  </stock>
  <stock>
    <stockname>CJ홈쇼핑</stockname>
    <stockprice>64800</stockprice>
    <prevstockprice>-1800</prevstockprice>
  </stock>
  <stock>
    <stockname>GS</stockname>
    <stockprice>45000</stockprice>
    <prevstockprice>400</prevstockprice>
  </stock>
  <stock>
    <stockname>GS건설</stockname>
    <stockprice>120000</stockprice>
    <prevstockprice>-4500</prevstockprice>
  </stock>
  <stock>
    <stockname>GS홈쇼핑</stockname>
    <stockprice>67700</stockprice>
    <prevstockprice>0</prevstockprice>
  </stock>
  <stock>
    <stockname>KCC</stockname>
    <stockprice>453000</stockprice>
    <prevstockprice>-9000</prevstockprice>
  </stock>
  <stock>
    <stockname>KT</stockname>
    <stockprice>43800</stockprice>
    <prevstockprice>-850</prevstockprice>
  </stock>
  <stock>
    <stockname>KT&amp;G</stockname>
    <stockprice>86700</stockprice>
    <prevstockprice>-3600</prevstockprice>
  </stock>
  <stock>
    <stockname>KTF</stockname>
    <stockprice>25850</stockprice>
    <prevstockprice>-2450</prevstockprice>
  </stock>
  <stock>
    <stockname>LG</stockname>
    <stockprice>74500</stockprice>
    <prevstockprice>-500</prevstockprice>
  </stock>
  <stock>
    <stockname>LG디스플레이</stockname>
    <stockprice>41600</stockprice>
    <prevstockprice>-1250</prevstockprice>
  </stock>
  <stock>
    <stockname>LG생활건강</stockname>
    <stockprice>206000</stockprice>
    <prevstockprice>-6000</prevstockprice>
  </stock>
  <stock>
    <stockname>LG전자</stockname>
    <stockprice>133500</stockprice>
    <prevstockprice>-2500</prevstockprice>
  </stock>
  <stock>
    <stockname>LG텔레콤</stockname>
    <stockprice>8760</stockprice>
    <prevstockprice>20</prevstockprice>
  </stock>
  <stock>
    <stockname>LG화학</stockname>
    <stockprice>107500</stockprice>
    <prevstockprice>-500</prevstockprice>
  </stock>
  <stock>
    <stockname>LIG손해보험</stockname>
    <stockprice>24350</stockprice>
    <prevstockprice>-150</prevstockprice>
  </stock>
  <stock>
    <stockname>LS전선</stockname>
    <stockprice>106000</stockprice>
    <prevstockprice>1000</prevstockprice>
  </stock>
  <stock>
    <stockname>NHN</stockname>
    <stockprice>188000</stockprice>
    <prevstockprice>2500</prevstockprice>
  </stock>
  <stock>
    <stockname>POSCO</stockname>
    <stockprice>544000</stockprice>
    <prevstockprice>-35000</prevstockprice>
  </stock>
  <stock>
    <stockname>S-Oil</stockname>
    <stockprice>74000</stockprice>
    <prevstockprice>1900</prevstockprice>
  </stock>
  <stock>
    <stockname>SK</stockname>
    <stockprice>135500</stockprice>
    <prevstockprice>-5000</prevstockprice>
  </stock>
  <stock>
    <stockname>SK텔레콤</stockname>
    <stockprice>184500</stockprice>
    <prevstockprice>4500</prevstockprice>
  </stock>
  <stock>
    <stockname>강원랜드</stockname>
    <stockprice>21750</stockprice>
    <prevstockprice>-1150</prevstockprice>
  </stock>
  <stock>
    <stockname>고려아연</stockname>
    <stockprice>126500</stockprice>
    <prevstockprice>-4000</prevstockprice>
  </stock>
  <stock>
    <stockname>국민은행</stockname>
    <stockprice>60900</stockprice>
    <prevstockprice>-700</prevstockprice>
  </stock>
  <stock>
    <stockname>기아차</stockname>
    <stockprice>11450</stockprice>
    <prevstockprice>-150</prevstockprice>
  </stock>
  <stock>
    <stockname>기업은행</stockname>
    <stockprice>16200</stockprice>
    <prevstockprice>-600</prevstockprice>
  </stock>
  <stock>
    <stockname>네오위즈</stockname>
    <stockprice>7680</stockprice>
    <prevstockprice>-190</prevstockprice>
  </stock>
  <stock>
    <stockname>농심</stockname>
    <stockprice>188000</stockprice>
    <prevstockprice>-3000</prevstockprice>
  </stock>
  <stock>
    <stockname>다음</stockname>
    <stockprice>65000</stockprice>
    <prevstockprice>-500</prevstockprice>
  </stock>
  <stock>
    <stockname>대구은행</stockname>
    <stockprice>14100</stockprice>
    <prevstockprice>0</prevstockprice>
  </stock>
  <stock>
    <stockname>대림산업</stockname>
    <stockprice>114000</stockprice>
    <prevstockprice>-2000</prevstockprice>
  </stock>
  <stock>
    <stockname>대신증권</stockname>
    <stockprice>20950</stockprice>
    <prevstockprice>300</prevstockprice>
  </stock>
  <stock>
    <stockname>대우건설</stockname>
    <stockprice>18400</stockprice>
    <prevstockprice>200</prevstockprice>
  </stock>
  <stock>
    <stockname>대우인터내셔</stockname>
    <stockprice>42500</stockprice>
    <prevstockprice>-2400</prevstockprice>
  </stock>
  <stock>
    <stockname>대우조선해양</stockname>
    <stockprice>39700</stockprice>
    <prevstockprice>-2850</prevstockprice>
  </stock>
  <stock>
    <stockname>대우증권</stockname>
    <stockprice>20100</stockprice>
    <prevstockprice>-350</prevstockprice>
  </stock>
  <stock>
    <stockname>대한전선</stockname>
    <stockprice>48900</stockprice>
    <prevstockprice>-100</prevstockprice>
  </stock>
  <stock>
    <stockname>대한항공</stockname>
    <stockprice>50100</stockprice>
    <prevstockprice>-1400</prevstockprice>
  </stock>
  <stock>
    <stockname>동국제강</stockname>
    <stockprice>45000</stockprice>
    <prevstockprice>-1300</prevstockprice>
  </stock>
  <stock>
    <stockname>동부화재</stockname>
    <stockprice>38500</stockprice>
    <prevstockprice>-550</prevstockprice>
  </stock>
  <stock>
    <stockname>동양제철화학</stockname>
    <stockprice>355000</stockprice>
    <prevstockprice>-17500</prevstockprice>
  </stock>
  <stock>
    <stockname>두산인프라코어</stockname>
    <stockprice>33200</stockprice>
    <prevstockprice>-650</prevstockprice>
  </stock>
  <stock>
    <stockname>두산중공업</stockname>
    <stockprice>115500</stockprice>
    <prevstockprice>-3500</prevstockprice>
  </stock>
  <stock>
    <stockname>롯데쇼핑</stockname>
    <stockprice>330000</stockprice>
    <prevstockprice>4000</prevstockprice>
  </stock>
  <stock>
    <stockname>롯데제과</stockname>
    <stockprice>1165000</stockprice>
    <prevstockprice>-20000</prevstockprice>
  </stock>
  <stock>
    <stockname>부산은행</stockname>
    <stockprice>14050</stockprice>
    <prevstockprice>0</prevstockprice>
  </stock>
  <stock>
    <stockname>삼성SDI</stockname>
    <stockprice>87300</stockprice>
    <prevstockprice>0</prevstockprice>
  </stock>
  <stock>
    <stockname>삼성물산</stockname>
    <stockprice>64200</stockprice>
    <prevstockprice>-1500</prevstockprice>
  </stock>
  <stock>
    <stockname>삼성전기</stockname>
    <stockprice>44350</stockprice>
    <prevstockprice>-50</prevstockprice>
  </stock>
  <stock>
    <stockname>삼성전자</stockname>
    <stockprice>663000</stockprice>
    <prevstockprice>-18000</prevstockprice>
  </stock>
  <stock>
    <stockname>삼성중공업</stockname>
    <stockprice>38700</stockprice>
    <prevstockprice>-2100</prevstockprice>
  </stock>
  <stock>
    <stockname>삼성증권</stockname>
    <stockprice>67400</stockprice>
    <prevstockprice>-2300</prevstockprice>
  </stock>
  <stock>
    <stockname>삼성테크윈</stockname>
    <stockprice>56600</stockprice>
    <prevstockprice>-1500</prevstockprice>
  </stock>
  <stock>
    <stockname>삼성화재</stockname>
    <stockprice>221000</stockprice>
    <prevstockprice>-9500</prevstockprice>
  </stock>
  <stock>
    <stockname>서울반도체</stockname>
    <stockprice>17100</stockprice>
    <prevstockprice>-300</prevstockprice>
  </stock>
  <stock>
    <stockname>신세계</stockname>
    <stockprice>550000</stockprice>
    <prevstockprice>-13000</prevstockprice>
  </stock>
  <stock>
    <stockname>신한지주</stockname>
    <stockprice>44550</stockprice>
    <prevstockprice>-1450</prevstockprice>
  </stock>
  <stock>
    <stockname>아시아나항공</stockname>
    <stockprice>5590</stockprice>
    <prevstockprice>-120</prevstockprice>
  </stock>
  <stock>
    <stockname>에스원</stockname>
    <stockprice>60900</stockprice>
    <prevstockprice>-1500</prevstockprice>
  </stock>
  <stock>
    <stockname>엔씨소프트</stockname>
    <stockprice>46000</stockprice>
    <prevstockprice>-2400</prevstockprice>
  </stock>
  <stock>
    <stockname>오리온</stockname>
    <stockprice>217000</stockprice>
    <prevstockprice>0</prevstockprice>
  </stock>
  <stock>
    <stockname>외환은행</stockname>
    <stockprice>14300</stockprice>
    <prevstockprice>-200</prevstockprice>
  </stock>
  <stock>
    <stockname>우리금융</stockname>
    <stockprice>17750</stockprice>
    <prevstockprice>0</prevstockprice>
  </stock>
  <stock>
    <stockname>우리투자증권</stockname>
    <stockprice>20000</stockprice>
    <prevstockprice>-250</prevstockprice>
  </stock>
  <stock>
    <stockname>웅진코웨이</stockname>
    <stockprice>27850</stockprice>
    <prevstockprice>-1550</prevstockprice>
  </stock>
  <stock>
    <stockname>유한양행</stockname>
    <stockprice>209500</stockprice>
    <prevstockprice>0</prevstockprice>
  </stock>
  <stock>
    <stockname>인탑스</stockname>
    <stockprice>22000</stockprice>
    <prevstockprice>-550</prevstockprice>
  </stock>
  <stock>
    <stockname>제일기획</stockname>
    <stockprice>241000</stockprice>
    <prevstockprice>-5000</prevstockprice>
  </stock>
  <stock>
    <stockname>제일모직</stockname>
    <stockprice>52900</stockprice>
    <prevstockprice>-1400</prevstockprice>
  </stock>
  <stock>
    <stockname>태평양</stockname>
    <stockprice>118000</stockprice>
    <prevstockprice>-1500</prevstockprice>
  </stock>
  <stock>
    <stockname>하나금융지주</stockname>
    <stockprice>43500</stockprice>
    <prevstockprice>1100</prevstockprice>
  </stock>
  <stock>
    <stockname>하나투어</stockname>
    <stockprice>45800</stockprice>
    <prevstockprice>50</prevstockprice>
  </stock>
  <stock>
    <stockname>하이닉스</stockname>
    <stockprice>29200</stockprice>
    <prevstockprice>-1950</prevstockprice>
  </stock>
  <stock>
    <stockname>하이트맥주</stockname>
    <stockprice>108000</stockprice>
    <prevstockprice>-2000</prevstockprice>
  </stock>
  <stock>
    <stockname>한국가스공사</stockname>
    <stockprice>75500</stockprice>
    <prevstockprice>2900</prevstockprice>
  </stock>
  <stock>
    <stockname>한국금융지주</stockname>
    <stockprice>41800</stockprice>
    <prevstockprice>-850</prevstockprice>
  </stock>
  <stock>
    <stockname>한국전력</stockname>
    <stockprice>30300</stockprice>
    <prevstockprice>-950</prevstockprice>
  </stock>
  <stock>
    <stockname>한국타이어</stockname>
    <stockprice>14100</stockprice>
    <prevstockprice>-550</prevstockprice>
  </stock>
  <stock>
    <stockname>한라공조</stockname>
    <stockprice>9750</stockprice>
    <prevstockprice>-110</prevstockprice>
  </stock>
  <stock>
    <stockname>한미약품</stockname>
    <stockprice>146000</stockprice>
    <prevstockprice>-8500</prevstockprice>
  </stock>
  <stock>
    <stockname>한섬</stockname>
    <stockprice>11400</stockprice>
    <prevstockprice>-50</prevstockprice>
  </stock>
  <stock>
    <stockname>한솔제지</stockname>
    <stockprice>14500</stockprice>
    <prevstockprice>150</prevstockprice>
  </stock>
  <stock>
    <stockname>한진해운</stockname>
    <stockprice>42600</stockprice>
    <prevstockprice>-1100</prevstockprice>
  </stock>
  <stock>
    <stockname>한화</stockname>
    <stockprice>39900</stockprice>
    <prevstockprice>-1000</prevstockprice>
  </stock>
  <stock>
    <stockname>한화석화</stockname>
    <stockprice>11800</stockprice>
    <prevstockprice>-100</prevstockprice>
  </stock>
  <stock>
    <stockname>현대모비스</stockname>
    <stockprice>84000</stockprice>
    <prevstockprice>-2600</prevstockprice>
  </stock>
  <stock>
    <stockname>현대미포조선</stockname>
    <stockprice>217000</stockprice>
    <prevstockprice>-10500</prevstockprice>
  </stock>
  <stock>
    <stockname>현대백화점</stockname>
    <stockprice>89900</stockprice>
    <prevstockprice>-5100</prevstockprice>
  </stock>
  <stock>
    <stockname>현대산업</stockname>
    <stockprice>54500</stockprice>
    <prevstockprice>-3900</prevstockprice>
  </stock>
  <stock>
    <stockname>현대상선</stockname>
    <stockprice>36000</stockprice>
    <prevstockprice>-1650</prevstockprice>
  </stock>
  <stock>
    <stockname>현대오토넷</stockname>
    <stockprice>5100</stockprice>
    <prevstockprice>-110</prevstockprice>
  </stock>
  <stock>
    <stockname>현대제철</stockname>
    <stockprice>78400</stockprice>
    <prevstockprice>-4100</prevstockprice>
  </stock>
  <stock>
    <stockname>현대중공업</stockname>
    <stockprice>342000</stockprice>
    <prevstockprice>-17000</prevstockprice>
  </stock>
  <stock>
    <stockname>현대증권</stockname>
    <stockprice>13200</stockprice>
    <prevstockprice>-450</prevstockprice>
  </stock>
  <stock>
    <stockname>현대차</stockname>
    <stockprice>78500</stockprice>
    <prevstockprice>-1100</prevstockprice>
  </stock>
  <stock>
    <stockname>현대해상</stockname>
    <stockprice>24500</stockprice>
    <prevstockprice>-200</prevstockprice>
  </stock>
  <stock>
    <stockname>호남석유</stockname>
    <stockprice>82000</stockprice>
    <prevstockprice>-6100</prevstockprice>
  </stock>
  <stock>
    <stockname>휴맥스</stockname>
    <stockprice>12400</stockprice>
    <prevstockprice>-250</prevstockprice>
  </stock>
</kosdaq>